customer_id,customer_name,customer_city,reg_date
1,Ayesha Saxena,Siliguri,10-12-2024
2,Vanya Chokshi,Saharsa,30-11-2024
3,Devansh Loyal,Madanapalle,22-09-2024
4,Neelofar Hayre,Mehsana,04-01-2025
5,Riaan Sunder,Jaipur,06-02-2024
6,Ritvik Deo,Aligarh,19-05-2025
7,Kartik Ravel,Rajkot,08-05-2025
8,Myra Rana,South Dumdum,17-03-2024
9,Zain Chandran,Ozhukarai,09-07-2024
10,Kaira Salvi,Orai,20-11-2024
11,Ivana Lal,Berhampore,30-08-2025
12,Trisha Dutt,Surendranagar Dudhrej,24-01-2024
13,Amani Chhabra,Jalna,13-07-2025
14,Kanav Thakur,Machilipatnam,18-04-2024
15,Indrajit Tella,Thanjavur,14-01-2025
16,Samar Saraf,Surat,06-04-2024
17,Badal Bobal,Rajahmundry,15-07-2025
18,Mahika Sarin,Kota,11-01-2024
19,Aarna Saini,Anantapuram,01-09-2025
20,Arhaan Dhillon,Jaipur,25-07-2025
21,Ivan Arya,Cuttack,18-02-2024
22,Nirvi Bera,Bhopal,31-10-2023
23,Aaryahi Dutta,Bidar,18-02-2024
24,Aniruddh Bassi,Gopalpur,01-02-2025
25,Nirvaan Dasgupta,Kakinada,16-10-2023
26,Ira Sridhar,Sri Ganganagar,29-12-2024
27,Azad Banerjee,Ludhiana,28-02-2025
28,Keya Rajagopal,Panipat,06-09-2024
29,Renee Bajwa,Morena,20-08-2024
30,Reyansh Garg,Udupi,23-10-2023
31,Kavya Dash,Aurangabad,29-09-2023
32,Heer Hayre,Raebareli,06-09-2024
33,Jayan Lad,Rajkot,08-12-2024
34,Shray Chakrabarti,Kavali,26-11-2024
35,Advik Dara,Arrah,10-10-2023
36,Adira Kala,Hindupur,16-01-2025
37,Shayak Lanka,Karimnagar,20-05-2025
38,Yashvi Ravel,Madurai,19-07-2024
39,Jivin Solanki,Sambhal,21-04-2025
40,Alisha Bansal,Gorakhpur,23-04-2025
41,Suhana Mallick,Shahjahanpur,11-05-2024
42,Zaina Brar,Chinsurah,28-04-2025
43,Ayesha Rajan,Katni,18-06-2025
44,Baiju Wali,Kakinada,27-04-2024
45,Siya Babu,Nellore,17-12-2023
46,Krish Cherian,Coimbatore,01-10-2023
47,Baiju Krishna,Hindupur,03-06-2025
48,Jivin Yogi,Morena,14-07-2025
49,Jayesh Chaudhary,Thiruvananthapuram,06-06-2024
50,Vardaniya Sani,Kollam,31-12-2024
51,Ayesha Saxena,Siliguri,10-12-2024
52,Vanya Chokshi,Saharsa,30-11-2024
53,Devansh Loyal,Madanapalle,22-09-2024
54,Neelofar Hayre,Mehsana,04-01-2025
55,Riaan Sunder,Jaipur,06-02-2024
56,Ritvik Deo,Aligarh,19-05-2025
57,Kartik Ravel,Rajkot,08-05-2025
58,Myra Rana,South Dumdum,17-03-2024
59,Zain Chandran,Ozhukarai,09-07-2024
60,Kaira Salvi,Orai,20-11-2024
61,Ivana Lal,Berhampore,30-08-2025
62,Trisha Dutt,Surendranagar Dudhrej,24-01-2024
63,Amani Chhabra,Jalna,13-07-2025
64,Kanav Thakur,Machilipatnam,18-04-2024
65,Indrajit Tella,Thanjavur,14-01-2025
66,Samar Saraf,Surat,06-04-2024
67,Badal Bobal,Rajahmundry,15-07-2025
68,Mahika Sarin,Kota,11-01-2024
69,Aarna Saini,Anantapuram,01-09-2025
70,Arhaan Dhillon,Jaipur,25-07-2025
71,Ivan Arya,Cuttack,18-02-2024
72,Nirvi Bera,Delhi,31-10-2023
73,Aaryahi Dutta,Bidar,18-02-2024
74,Aniruddh Bassi,Gopalpur,01-02-2025
75,Nirvaan Dasgupta,Kakinada,16-10-2023
76,Ira Sridhar,Sri Ganganagar,29-12-2024
77,Azad Banerjee,Ludhiana,28-02-2025
78,Keya Rajagopal,Panipat,06-09-2024
79,Renee Bajwa,Morena,20-08-2024
80,Reyansh Garg,Udupi,23-10-2023
81,Kavya Dash,Aurangabad,29-09-2023
82,Heer Hayre,Raebareli,06-09-2024
83,Jayan Lad,Rajkot,08-12-2024
84,Shray Chakrabarti,Kavali,26-11-2024
85,Advik Dara,Arrah,10-10-2023
86,Adira Kala,Hindupur,16-01-2025
87,Shayak Lanka,Karimnagar,20-05-2025
88,Yashvi Ravel,Madurai,19-07-2024
89,Jivin Solanki,Sambhal,21-04-2025
90,Alisha Bansal,Gorakhpur,23-04-2025
91,Suhana Mallick,Shahjahanpur,11-05-2024
92,Zaina Brar,Chinsurah,28-04-2025
93,Ayesha Rajan,Katni,18-06-2025
94,Baiju Wali,Kakinada,27-04-2024
95,Siya Babu,Nellore,17-12-2023
96,Krish Cherian,Coimbatore,01-10-2023
97,Baiju Krishna,Hindupur,03-06-2025
98,Jivin Yogi,Morena,14-07-2025
99,Jayesh Chaudhary,Thiruvananthapuram,06-06-2024
100,Vardaniya Sani,Kollam,31-12-2024
101,Ayesha Saxena,Siliguri,10-12-2024
102,Vanya Chokshi,Saharsa,30-11-2024
103,Devansh Loyal,Madanapalle,22-09-2024
104,Neelofar Hayre,Mehsana,04-01-2025
105,Riaan Sunder,Jaipur,06-02-2024
106,Ritvik Deo,Aligarh,19-05-2025
107,Kartik Ravel,Rajkot,08-05-2025
108,Myra Rana,South Dumdum,17-03-2024
109,Zain Chandran,Ozhukarai,09-07-2024
110,Kaira Salvi,Orai,20-11-2024
111,Ivana Lal,Berhampore,30-08-2025
112,Trisha Dutt,Surendranagar Dudhrej,24-01-2024
113,Amani Chhabra,Jalna,13-07-2025
114,Kanav Thakur,Machilipatnam,18-04-2024
115,Indrajit Tella,Thanjavur,14-01-2025
116,Samar Saraf,Surat,06-04-2024
117,Badal Bobal,Rajahmundry,15-07-2025
118,Mahika Sarin,Kota,11-01-2024
119,Aarna Saini,Anantapuram,01-09-2025
120,Arhaan Dhillon,Jaipur,25-07-2025
121,Ivan Arya,Cuttack,18-02-2024
122,Nirvi Bera,Maisur,31-10-2023
123,Aaryahi Dutta,Bidar,18-02-2024
124,Aniruddh Bassi,Gopalpur,01-02-2025
125,Nirvaan Dasgupta,Kakinada,16-10-2023
126,Ira Sridhar,Sri Ganganagar,29-12-2024
127,Azad Banerjee,Ludhiana,28-02-2025
128,Keya Rajagopal,Panipat,06-09-2024
129,Renee Bajwa,Morena,20-08-2024
130,Reyansh Garg,Udupi,23-10-2023
131,Kavya Dash,Aurangabad,29-09-2023
132,Heer Hayre,Raebareli,06-09-2024
133,Jayan Lad,Rajkot,08-12-2024
134,Shray Chakrabarti,Kavali,26-11-2024
135,Advik Dara,Arrah,10-10-2023
136,Adira Kala,Hindupur,16-01-2025
137,Shayak Lanka,Karimnagar,20-05-2025
138,Yashvi Ravel,Madurai,19-07-2024
139,Jivin Solanki,Sambhal,21-04-2025
140,Alisha Bansal,Gorakhpur,23-04-2025
141,Suhana Mallick,Shahjahanpur,11-05-2024
142,Zaina Brar,Chinsurah,28-04-2025
143,Ayesha Rajan,Katni,18-06-2025
144,Baiju Wali,Kakinada,27-04-2024
145,Siya Babu,Nellore,17-12-2023
146,Krish Cherian,Coimbatore,01-10-2023
147,Baiju Krishna,Hindupur,03-06-2025
148,Jivin Yogi,Morena,14-07-2025
149,Jayesh Chaudhary,Thiruvananthapuram,06-06-2024
150,Vardaniya Sani,Kollam,31-12-2024
151,Ayesha Saxena,Siliguri,10-12-2024
152,Vanya Chokshi,Saharsa,30-11-2024
153,Devansh Loyal,Madanapalle,22-09-2024
154,Neelofar Hayre,Mehsana,04-01-2025
155,Riaan Sunder,Jaipur,06-02-2024
156,Ritvik Deo,Aligarh,19-05-2025
157,Kartik Ravel,Rajkot,08-05-2025
158,Myra Rana,South Dumdum,17-03-2024
159,Zain Chandran,Ozhukarai,09-07-2024
160,Kaira Salvi,Orai,20-11-2024
161,Ivana Lal,Berhampore,30-08-2025
162,Trisha Dutt,Surendranagar Dudhrej,24-01-2024
163,Amani Chhabra,Jalna,13-07-2025
164,Kanav Thakur,Machilipatnam,18-04-2024
165,Indrajit Tella,Thanjavur,14-01-2025
166,Samar Saraf,Surat,06-04-2024
167,Badal Bobal,Rajahmundry,15-07-2025
168,Mahika Sarin,Kota,11-01-2024
169,Aarna Saini,Anantapuram,01-09-2025
170,Arhaan Dhillon,Jaipur,25-07-2025
171,Ivan Arya,Cuttack,18-02-2024
172,Nirvi Bera,Maniali,31-10-2023
173,Aaryahi Dutta,Bidar,18-02-2024
174,Aniruddh Bassi,Gopalpur,01-02-2025
175,Nirvaan Dasgupta,Kakinada,16-10-2023
176,Ira Sridhar,Sri Ganganagar,29-12-2024
177,Azad Banerjee,Ludhiana,28-02-2025
178,Keya Rajagopal,Panipat,06-09-2024
179,Renee Bajwa,Morena,20-08-2024
180,Reyansh Garg,Udupi,23-10-2023
181,Kavya Dash,Aurangabad,29-09-2023
182,Heer Hayre,Raebareli,06-09-2024
183,Jayan Lad,Rajkot,08-12-2024
184,Shray Chakrabarti,Kavali,26-11-2024
185,Advik Dara,Arrah,10-10-2023
186,Adira Kala,Hindupur,16-01-2025
187,Shayak Lanka,Karimnagar,20-05-2025
188,Yashvi Ravel,Madurai,19-07-2024
189,Jivin Solanki,Sambhal,21-04-2025
190,Alisha Bansal,Gorakhpur,23-04-2025
191,Suhana Mallick,Shahjahanpur,11-05-2024
192,Zaina Brar,Chinsurah,28-04-2025
193,Ayesha Rajan,Katni,18-06-2025
194,Baiju Wali,Kakinada,27-04-2024
195,Siya Babu,Nellore,17-12-2023
196,Krish Cherian,Coimbatore,01-10-2023
197,Baiju Krishna,Hindupur,03-06-2025
198,Jivin Yogi,Morena,14-07-2025
199,Jayesh Chaudhary,Thiruvananthapuram,06-06-2024
200,Vardaniya Sani,Kollam,31-12-2024
201,Ayesha Saxena,Siliguri,10-12-2024
202,Vanya Chokshi,Saharsa,30-11-2024
203,Devansh Loyal,Madanapalle,22-09-2024
204,Neelofar Hayre,Mehsana,04-01-2025
205,Riaan Sunder,Jaipur,06-02-2024
206,Ritvik Deo,Aligarh,19-05-2025
207,Kartik Ravel,Rajkot,08-05-2025
208,Myra Rana,South Dumdum,17-03-2024
209,Zain Chandran,Ozhukarai,09-07-2024
210,Kaira Salvi,Orai,20-11-2024
211,Ivana Lal,Berhampore,30-08-2025
212,Trisha Dutt,Surendranagar Dudhrej,24-01-2024
213,Amani Chhabra,Jalna,13-07-2025
214,Kanav Thakur,Machilipatnam,18-04-2024
215,Indrajit Tella,Thanjavur,14-01-2025
216,Samar Saraf,Surat,06-04-2024
217,Badal Bobal,Rajahmundry,15-07-2025
218,Mahika Sarin,Kota,11-01-2024
219,Aarna Saini,Anantapuram,01-09-2025
220,Arhaan Dhillon,Jaipur,25-07-2025
221,Ivan Arya,Cuttack,18-02-2024
222,Nirvi Bera,Bokaro,31-10-2023
223,Aaryahi Dutta,Bidar,18-02-2024
224,Aniruddh Bassi,Gopalpur,01-02-2025
225,Nirvaan Dasgupta,Kakinada,16-10-2023
226,Ira Sridhar,Sri Ganganagar,29-12-2024
227,Azad Banerjee,Ludhiana,28-02-2025
228,Keya Rajagopal,Panipat,06-09-2024
229,Renee Bajwa,Morena,20-08-2024
230,Reyansh Garg,Udupi,23-10-2023
231,Kavya Dash,Aurangabad,29-09-2023
232,Heer Hayre,Raebareli,06-09-2024
233,Jayan Lad,Rajkot,08-12-2024
234,Shray Chakrabarti,Kavali,26-11-2024
235,Advik Dara,Arrah,10-10-2023
236,Adira Kala,Hindupur,16-01-2025
237,Shayak Lanka,Karimnagar,20-05-2025
238,Yashvi Ravel,Madurai,19-07-2024
239,Jivin Solanki,Sambhal,21-04-2025
240,Alisha Bansal,Gorakhpur,23-04-2025
241,Suhana Mallick,Shahjahanpur,11-05-2024
242,Zaina Brar,Chinsurah,28-04-2025
243,Ayesha Rajan,Katni,18-06-2025
244,Baiju Wali,Kakinada,27-04-2024
245,Siya Babu,Nellore,17-12-2023
246,Krish Cherian,Coimbatore,01-10-2023
247,Baiju Krishna,Hindupur,03-06-2025
248,Jivin Yogi,Morena,14-07-2025
249,Jayesh Chaudhary,Thiruvananthapuram,06-06-2024
250,Vardaniya Sani,Kollam,31-12-2024
251,Ayesha Saxena,Siliguri,10-12-2024
252,Vanya Chokshi,Saharsa,30-11-2024
253,Devansh Loyal,Madanapalle,22-09-2024
254,Neelofar Hayre,Mehsana,04-01-2025
255,Riaan Sunder,Jaipur,06-02-2024
256,Ritvik Deo,Aligarh,19-05-2025
257,Kartik Ravel,Rajkot,08-05-2025
258,Myra Rana,South Dumdum,17-03-2024
259,Zain Chandran,Ozhukarai,09-07-2024
260,Kaira Salvi,Orai,20-11-2024
261,Ivana Lal,Berhampore,30-08-2025
262,Trisha Dutt,Surendranagar Dudhrej,24-01-2024
263,Amani Chhabra,Jalna,13-07-2025
264,Kanav Thakur,Machilipatnam,18-04-2024
265,Indrajit Tella,Thanjavur,14-01-2025
266,Samar Saraf,Surat,06-04-2024
267,Badal Bobal,Rajahmundry,15-07-2025
268,Mahika Sarin,Kota,11-01-2024
269,Aarna Saini,Anantapuram,01-09-2025
270,Arhaan Dhillon,Jaipur,25-07-2025
271,Ivan Arya,Cuttack,18-02-2024
272,Nirvi Bera,Bagaha,31-10-2023
273,Aaryahi Dutta,Bidar,18-02-2024
274,Aniruddh Bassi,Gopalpur,01-02-2025
275,Nirvaan Dasgupta,Kakinada,16-10-2023
276,Ira Sridhar,Sri Ganganagar,29-12-2024
277,Azad Banerjee,Ludhiana,28-02-2025
278,Keya Rajagopal,Panipat,06-09-2024
279,Renee Bajwa,Morena,20-08-2024
280,Reyansh Garg,Udupi,23-10-2023
281,Kavya Dash,Aurangabad,29-09-2023
282,Heer Hayre,Raebareli,06-09-2024
283,Jayan Lad,Rajkot,08-12-2024
284,Shray Chakrabarti,Kavali,26-11-2024
285,Advik Dara,Arrah,10-10-2023
286,Adira Kala,Hindupur,16-01-2025
287,Shayak Lanka,Karimnagar,20-05-2025
288,Yashvi Ravel,Madurai,19-07-2024
289,Jivin Solanki,Sambhal,21-04-2025
290,Alisha Bansal,Gorakhpur,23-04-2025
291,Suhana Mallick,Shahjahanpur,11-05-2024
292,Zaina Brar,Chinsurah,28-04-2025
293,Ayesha Rajan,Katni,18-06-2025
294,Baiju Wali,Kakinada,27-04-2024
295,Siya Babu,Nellore,17-12-2023
296,Krish Cherian,Coimbatore,01-10-2023
297,Baiju Krishna,Hindupur,03-06-2025
298,Jivin Yogi,Morena,14-07-2025
299,Jayesh Chaudhary,Thiruvananthapuram,06-06-2024
300,Vardaniya Sani,Kollam,31-12-2024
301,Ayesha Saxena,Siliguri,10-12-2024
302,Vanya Chokshi,Saharsa,30-11-2024
303,Devansh Loyal,Madanapalle,22-09-2024
304,Neelofar Hayre,Mehsana,04-01-2025
305,Riaan Sunder,Jaipur,06-02-2024
306,Ritvik Deo,Aligarh,19-05-2025
307,Kartik Ravel,Rajkot,08-05-2025
308,Myra Rana,South Dumdum,17-03-2024
309,Zain Chandran,Ozhukarai,09-07-2024
310,Kaira Salvi,Orai,20-11-2024
311,Ivana Lal,Berhampore,30-08-2025
312,Trisha Dutt,Surendranagar Dudhrej,24-01-2024
313,Amani Chhabra,Jalna,13-07-2025
314,Kanav Thakur,Machilipatnam,18-04-2024
315,Indrajit Tella,Thanjavur,14-01-2025
316,Samar Saraf,Surat,06-04-2024
317,Badal Bobal,Rajahmundry,15-07-2025
318,Mahika Sarin,Kota,11-01-2024
319,Aarna Saini,Anantapuram,01-09-2025
320,Arhaan Dhillon,Jaipur,25-07-2025
321,Ivan Arya,Cuttack,18-02-2024
322,Nirvi Bera,Lauriya,31-10-2023
323,Aaryahi Dutta,Bidar,18-02-2024
324,Aniruddh Bassi,Gopalpur,01-02-2025
325,Nirvaan Dasgupta,Kakinada,16-10-2023
326,Ira Sridhar,Sri Ganganagar,29-12-2024
327,Azad Banerjee,Ludhiana,28-02-2025
328,Keya Rajagopal,Panipat,06-09-2024
329,Renee Bajwa,Morena,20-08-2024
330,Reyansh Garg,Udupi,23-10-2023
331,Kavya Dash,Aurangabad,29-09-2023
332,Heer Hayre,Raebareli,06-09-2024
333,Jayan Lad,Rajkot,08-12-2024
334,Shray Chakrabarti,Kavali,26-11-2024
335,Advik Dara,Arrah,10-10-2023
336,Adira Kala,Hindupur,16-01-2025
337,Shayak Lanka,Karimnagar,20-05-2025
338,Yashvi Ravel,Madurai,19-07-2024
339,Jivin Solanki,Sambhal,21-04-2025
340,Alisha Bansal,Gorakhpur,23-04-2025
341,Suhana Mallick,Shahjahanpur,11-05-2024
342,Zaina Brar,Chinsurah,28-04-2025
343,Ayesha Rajan,Katni,18-06-2025
344,Baiju Wali,Kakinada,27-04-2024
345,Siya Babu,Nellore,17-12-2023
346,Krish Cherian,Coimbatore,01-10-2023
347,Baiju Krishna,Hindupur,03-06-2025
348,Jivin Yogi,Morena,14-07-2025
349,Jayesh Chaudhary,Thiruvananthapuram,06-06-2024
350,Vardaniya Sani,Kollam,31-12-2024
351,Ayesha Saxena,Siliguri,10-12-2024
352,Vanya Chokshi,Saharsa,30-11-2024
353,Devansh Loyal,Madanapalle,22-09-2024
354,Neelofar Hayre,Mehsana,04-01-2025
355,Riaan Sunder,Jaipur,06-02-2024
356,Ritvik Deo,Aligarh,19-05-2025
357,Kartik Ravel,Rajkot,08-05-2025
358,Myra Rana,South Dumdum,17-03-2024
359,Zain Chandran,Ozhukarai,09-07-2024
360,Kaira Salvi,Orai,20-11-2024
361,Ivana Lal,Berhampore,30-08-2025
362,Trisha Dutt,Surendranagar Dudhrej,24-01-2024
363,Amani Chhabra,Jalna,13-07-2025
364,Kanav Thakur,Machilipatnam,18-04-2024
365,Indrajit Tella,Thanjavur,14-01-2025
366,Samar Saraf,Surat,06-04-2024
367,Badal Bobal,Rajahmundry,15-07-2025
368,Mahika Sarin,Kota,11-01-2024
369,Aarna Saini,Anantapuram,01-09-2025
370,Arhaan Dhillon,Jaipur,25-07-2025
371,Ivan Arya,Cuttack,18-02-2024
372,Nirvi Bera,Bettiah,31-10-2023
373,Aaryahi Dutta,Bidar,18-02-2024
374,Aniruddh Bassi,Gopalpur,01-02-2025
375,Nirvaan Dasgupta,Kakinada,16-10-2023
376,Ira Sridhar,Sri Ganganagar,29-12-2024
377,Azad Banerjee,Ludhiana,28-02-2025
378,Keya Rajagopal,Panipat,06-09-2024
379,Renee Bajwa,Morena,20-08-2024
380,Reyansh Garg,Udupi,23-10-2023
381,Kavya Dash,Aurangabad,29-09-2023
382,Heer Hayre,Raebareli,06-09-2024
383,Jayan Lad,Rajkot,08-12-2024
384,Shray Chakrabarti,Kavali,26-11-2024
385,Advik Dara,Arrah,10-10-2023
386,Adira Kala,Hindupur,16-01-2025
387,Shayak Lanka,Karimnagar,20-05-2025
388,Yashvi Ravel,Madurai,19-07-2024
389,Jivin Solanki,Sambhal,21-04-2025
390,Alisha Bansal,Gorakhpur,23-04-2025
391,Suhana Mallick,Shahjahanpur,11-05-2024
392,Zaina Brar,Chinsurah,28-04-2025
393,Ayesha Rajan,Katni,18-06-2025
394,Baiju Wali,Kakinada,27-04-2024
395,Siya Babu,Nellore,17-12-2023
396,Krish Cherian,Coimbatore,01-10-2023
397,Baiju Krishna,Hindupur,03-06-2025
398,Jivin Yogi,Morena,14-07-2025
399,Jayesh Chaudhary,Thiruvananthapuram,06-06-2024
400,Vardaniya Sani,Kollam,31-12-2024
401,Ayesha Saxena,Siliguri,10-12-2024
402,Vanya Chokshi,Saharsa,30-11-2024
403,Devansh Loyal,Madanapalle,22-09-2024
404,Neelofar Hayre,Mehsana,04-01-2025
405,Riaan Sunder,Jaipur,06-02-2024
406,Ritvik Deo,Aligarh,19-05-2025
407,Kartik Ravel,Rajkot,08-05-2025
408,Myra Rana,South Dumdum,17-03-2024
409,Zain Chandran,Ozhukarai,09-07-2024
410,Kaira Salvi,Orai,20-11-2024
411,Ivana Lal,Berhampore,30-08-2025
412,Trisha Dutt,Surendranagar Dudhrej,24-01-2024
413,Amani Chhabra,Jalna,13-07-2025
414,Kanav Thakur,Machilipatnam,18-04-2024
415,Indrajit Tella,Thanjavur,14-01-2025
416,Samar Saraf,Surat,06-04-2024
417,Badal Bobal,Rajahmundry,15-07-2025
418,Mahika Sarin,Kota,11-01-2024
419,Aarna Saini,Anantapuram,01-09-2025
420,Arhaan Dhillon,Jaipur,25-07-2025
421,Ivan Arya,Cuttack,18-02-2024
422,Nirvi Bera,Motihari,31-10-2023
423,Aaryahi Dutta,Bidar,18-02-2024
424,Aniruddh Bassi,Gopalpur,01-02-2025
425,Nirvaan Dasgupta,Kakinada,16-10-2023
426,Ira Sridhar,Sri Ganganagar,29-12-2024
427,Azad Banerjee,Ludhiana,28-02-2025
428,Keya Rajagopal,Panipat,06-09-2024
429,Renee Bajwa,Morena,20-08-2024
430,Reyansh Garg,Udupi,23-10-2023
431,Kavya Dash,Aurangabad,29-09-2023
432,Heer Hayre,Raebareli,06-09-2024
433,Jayan Lad,Rajkot,08-12-2024
434,Shray Chakrabarti,Kavali,26-11-2024
435,Advik Dara,Arrah,10-10-2023
436,Adira Kala,Hindupur,16-01-2025
437,Shayak Lanka,Karimnagar,20-05-2025
438,Yashvi Ravel,Madurai,19-07-2024
439,Jivin Solanki,Sambhal,21-04-2025
440,Alisha Bansal,Gorakhpur,23-04-2025
441,Suhana Mallick,Shahjahanpur,11-05-2024
442,Zaina Brar,Chinsurah,28-04-2025
443,Ayesha Rajan,Katni,18-06-2025
444,Baiju Wali,Kakinada,27-04-2024
445,Siya Babu,Nellore,17-12-2023
446,Krish Cherian,Coimbatore,01-10-2023
447,Baiju Krishna,Hindupur,03-06-2025
448,Jivin Yogi,Morena,14-07-2025
449,Jayesh Chaudhary,Thiruvananthapuram,06-06-2024
450,Vardaniya Sani,Kollam,31-12-2024
451,Ayesha Saxena,Siliguri,10-12-2024
452,Vanya Chokshi,Saharsa,30-11-2024
453,Devansh Loyal,Madanapalle,22-09-2024
454,Neelofar Hayre,Mehsana,04-01-2025
455,Riaan Sunder,Jaipur,06-02-2024
456,Ritvik Deo,Aligarh,19-05-2025
457,Kartik Ravel,Rajkot,08-05-2025
458,Myra Rana,South Dumdum,17-03-2024
459,Zain Chandran,Ozhukarai,09-07-2024
460,Kaira Salvi,Orai,20-11-2024
461,Ivana Lal,Berhampore,30-08-2025
462,Trisha Dutt,Surendranagar Dudhrej,24-01-2024
463,Amani Chhabra,Jalna,13-07-2025
464,Kanav Thakur,Machilipatnam,18-04-2024
465,Indrajit Tella,Thanjavur,14-01-2025
466,Samar Saraf,Surat,06-04-2024
467,Badal Bobal,Rajahmundry,15-07-2025
468,Mahika Sarin,Kota,11-01-2024
469,Aarna Saini,Anantapuram,01-09-2025
470,Arhaan Dhillon,Jaipur,25-07-2025
471,Ivan Arya,Cuttack,18-02-2024
472,Nirvi Bera,Pune,31-10-2023
473,Aaryahi Dutta,Bidar,18-02-2024
474,Aniruddh Bassi,Gopalpur,01-02-2025
475,Nirvaan Dasgupta,Kakinada,16-10-2023
476,Ira Sridhar,Sri Ganganagar,29-12-2024
477,Azad Banerjee,Ludhiana,28-02-2025
478,Keya Rajagopal,Panipat,06-09-2024
479,Renee Bajwa,Morena,20-08-2024
480,Reyansh Garg,Udupi,23-10-2023
481,Kavya Dash,Aurangabad,29-09-2023
482,Heer Hayre,Raebareli,06-09-2024
483,Jayan Lad,Rajkot,08-12-2024
484,Shray Chakrabarti,Kavali,26-11-2024
485,Advik Dara,Arrah,10-10-2023
486,Adira Kala,Hindupur,16-01-2025
487,Shayak Lanka,Karimnagar,20-05-2025
488,Yashvi Ravel,Madurai,19-07-2024
489,Jivin Solanki,Sambhal,21-04-2025
490,Alisha Bansal,Gorakhpur,23-04-2025
491,Suhana Mallick,Shahjahanpur,11-05-2024
492,Zaina Brar,Chinsurah,28-04-2025
493,Ayesha Rajan,Katni,18-06-2025
494,Baiju Wali,Kakinada,27-04-2024
495,Siya Babu,Nellore,17-12-2023
496,Krish Cherian,Coimbatore,01-10-2023
497,Baiju Krishna,Hindupur,03-06-2025
498,Jivin Yogi,Morena,14-07-2025
499,Jayesh Chaudhary,Thiruvananthapuram,06-06-2024
500,Vardaniya Sani,Kollam,31-12-2024
501,Ayesha Saxena,Siliguri,10-12-2024
502,Vanya Chokshi,Saharsa,30-11-2024
503,Devansh Loyal,Madanapalle,22-09-2024
504,Neelofar Hayre,Mehsana,04-01-2025
505,Riaan Sunder,Jaipur,06-02-2024
506,Ritvik Deo,Aligarh,19-05-2025
507,Kartik Ravel,Rajkot,08-05-2025
508,Myra Rana,South Dumdum,17-03-2024
509,Zain Chandran,Ozhukarai,09-07-2024
510,Kaira Salvi,Orai,20-11-2024
511,Ivana Lal,Berhampore,30-08-2025
512,Trisha Dutt,Surendranagar Dudhrej,24-01-2024
513,Amani Chhabra,Jalna,13-07-2025
514,Kanav Thakur,Machilipatnam,18-04-2024
515,Indrajit Tella,Thanjavur,14-01-2025
516,Samar Saraf,Surat,06-04-2024
517,Badal Bobal,Rajahmundry,15-07-2025
518,Mahika Sarin,Kota,11-01-2024
519,Aarna Saini,Anantapuram,01-09-2025
520,Arhaan Dhillon,Jaipur,25-07-2025
521,Ivan Arya,Cuttack,18-02-2024
522,Nirvi Bera,Patna,31-10-2023
523,Aaryahi Dutta,Bidar,18-02-2024
524,Aniruddh Bassi,Gopalpur,01-02-2025
525,Nirvaan Dasgupta,Kakinada,16-10-2023
526,Ira Sridhar,Sri Ganganagar,29-12-2024
527,Azad Banerjee,Ludhiana,28-02-2025
528,Keya Rajagopal,Panipat,06-09-2024
529,Renee Bajwa,Morena,20-08-2024
530,Reyansh Garg,Udupi,23-10-2023
531,Kavya Dash,Aurangabad,29-09-2023
532,Heer Hayre,Raebareli,06-09-2024
533,Jayan Lad,Rajkot,08-12-2024
534,Shray Chakrabarti,Kavali,26-11-2024
535,Advik Dara,Arrah,10-10-2023
536,Adira Kala,Hindupur,16-01-2025
537,Shayak Lanka,Karimnagar,20-05-2025
538,Yashvi Ravel,Madurai,19-07-2024
539,Jivin Solanki,Sambhal,21-04-2025
540,Alisha Bansal,Gorakhpur,23-04-2025
541,Suhana Mallick,Shahjahanpur,11-05-2024
542,Zaina Brar,Chinsurah,28-04-2025
543,Ayesha Rajan,Katni,18-06-2025
544,Baiju Wali,Kakinada,27-04-2024
545,Siya Babu,Nellore,17-12-2023
546,Krish Cherian,Coimbatore,01-10-2023
547,Baiju Krishna,Hindupur,03-06-2025
548,Jivin Yogi,Morena,14-07-2025
549,Jayesh Chaudhary,Thiruvananthapuram,06-06-2024
550,Vardaniya Sani,Kollam,31-12-2024
551,Ayesha Saxena,Siliguri,10-12-2024
552,Vanya Chokshi,Saharsa,30-11-2024
553,Devansh Loyal,Madanapalle,22-09-2024
554,Neelofar Hayre,Mehsana,04-01-2025
555,Riaan Sunder,Jaipur,06-02-2024
556,Ritvik Deo,Aligarh,19-05-2025
557,Kartik Ravel,Rajkot,08-05-2025
558,Myra Rana,South Dumdum,17-03-2024
559,Zain Chandran,Ozhukarai,09-07-2024
560,Kaira Salvi,Orai,20-11-2024
561,Ivana Lal,Berhampore,30-08-2025
562,Trisha Dutt,Surendranagar Dudhrej,24-01-2024
563,Amani Chhabra,Jalna,13-07-2025
564,Kanav Thakur,Machilipatnam,18-04-2024
565,Indrajit Tella,Thanjavur,14-01-2025
566,Samar Saraf,Surat,06-04-2024
567,Badal Bobal,Rajahmundry,15-07-2025
568,Mahika Sarin,Kota,11-01-2024
569,Aarna Saini,Anantapuram,01-09-2025
570,Arhaan Dhillon,Jaipur,25-07-2025
571,Ivan Arya,Cuttack,18-02-2024
572,Nirvi Bera,NaniTaal,31-10-2023
573,Aaryahi Dutta,Bidar,18-02-2024
574,Aniruddh Bassi,Gopalpur,01-02-2025
575,Nirvaan Dasgupta,Kakinada,16-10-2023
576,Ira Sridhar,Sri Ganganagar,29-12-2024
577,Azad Banerjee,Ludhiana,28-02-2025
578,Keya Rajagopal,Panipat,06-09-2024
579,Renee Bajwa,Morena,20-08-2024
580,Reyansh Garg,Udupi,23-10-2023
581,Kavya Dash,Aurangabad,29-09-2023
582,Heer Hayre,Raebareli,06-09-2024
583,Jayan Lad,Rajkot,08-12-2024
584,Shray Chakrabarti,Kavali,26-11-2024
585,Advik Dara,Arrah,10-10-2023
586,Adira Kala,Hindupur,16-01-2025
587,Shayak Lanka,Karimnagar,20-05-2025
588,Yashvi Ravel,Madurai,19-07-2024
589,Jivin Solanki,Sambhal,21-04-2025
590,Alisha Bansal,Gorakhpur,23-04-2025
591,Suhana Mallick,Shahjahanpur,11-05-2024
592,Zaina Brar,Chinsurah,28-04-2025
593,Ayesha Rajan,Katni,18-06-2025
594,Baiju Wali,Kakinada,27-04-2024
595,Siya Babu,Nellore,17-12-2023
596,Krish Cherian,Coimbatore,01-10-2023
597,Baiju Krishna,Hindupur,03-06-2025
598,Jivin Yogi,Morena,14-07-2025
599,Jayesh Chaudhary,Thiruvananthapuram,06-06-2024
600,Vardaniya Sani,Kollam,31-12-2024
601,Ayesha Saxena,Siliguri,10-12-2024
602,Vanya Chokshi,Saharsa,30-11-2024
603,Devansh Loyal,Madanapalle,22-09-2024
604,Neelofar Hayre,Mehsana,04-01-2025
605,Riaan Sunder,Jaipur,06-02-2024
606,Ritvik Deo,Aligarh,19-05-2025
607,Kartik Ravel,Rajkot,08-05-2025
608,Myra Rana,South Dumdum,17-03-2024
609,Zain Chandran,Ozhukarai,09-07-2024
610,Kaira Salvi,Orai,20-11-2024
611,Ivana Lal,Berhampore,30-08-2025
612,Trisha Dutt,Surendranagar Dudhrej,24-01-2024
613,Amani Chhabra,Jalna,13-07-2025
614,Kanav Thakur,Machilipatnam,18-04-2024
615,Indrajit Tella,Thanjavur,14-01-2025
616,Samar Saraf,Surat,06-04-2024
617,Badal Bobal,Rajahmundry,15-07-2025
618,Mahika Sarin,Kota,11-01-2024
619,Aarna Saini,Anantapuram,01-09-2025
620,Arhaan Dhillon,Jaipur,25-07-2025
621,Ivan Arya,Cuttack,18-02-2024
622,Nirvi Bera,Bhopal,31-10-2023
623,Aaryahi Dutta,Bidar,18-02-2024
624,Aniruddh Bassi,Gopalpur,01-02-2025
625,Nirvaan Dasgupta,Kakinada,16-10-2023
626,Ira Sridhar,Sri Ganganagar,29-12-2024
627,Azad Banerjee,Ludhiana,28-02-2025
628,Keya Rajagopal,Panipat,06-09-2024
629,Renee Bajwa,Morena,20-08-2024
630,Reyansh Garg,Udupi,23-10-2023
631,Kavya Dash,Aurangabad,29-09-2023
632,Heer Hayre,Raebareli,06-09-2024
633,Jayan Lad,Rajkot,08-12-2024
634,Shray Chakrabarti,Kavali,26-11-2024
635,Advik Dara,Arrah,10-10-2023
636,Adira Kala,Hindupur,16-01-2025
637,Shayak Lanka,Karimnagar,20-05-2025
638,Yashvi Ravel,Madurai,19-07-2024
639,Jivin Solanki,Sambhal,21-04-2025
640,Alisha Bansal,Gorakhpur,23-04-2025
641,Suhana Mallick,Shahjahanpur,11-05-2024
642,Zaina Brar,Chinsurah,28-04-2025
643,Ayesha Rajan,Katni,18-06-2025
644,Baiju Wali,Kakinada,27-04-2024
645,Siya Babu,Nellore,17-12-2023
646,Krish Cherian,Coimbatore,01-10-2023
647,Baiju Krishna,Hindupur,03-06-2025
648,Jivin Yogi,Morena,14-07-2025
649,Jayesh Chaudhary,Thiruvananthapuram,06-06-2024
650,Vardaniya Sani,Kollam,31-12-2024
651,Ayesha Saxena,Siliguri,10-12-2024
652,Vanya Chokshi,Saharsa,30-11-2024
653,Devansh Loyal,Madanapalle,22-09-2024
654,Neelofar Hayre,Mehsana,04-01-2025
655,Riaan Sunder,Jaipur,06-02-2024
656,Ritvik Deo,Aligarh,19-05-2025
657,Kartik Ravel,Rajkot,08-05-2025
658,Myra Rana,South Dumdum,17-03-2024
659,Zain Chandran,Ozhukarai,09-07-2024
660,Kaira Salvi,Orai,20-11-2024
661,Ivana Lal,Berhampore,30-08-2025
662,Trisha Dutt,Surendranagar Dudhrej,24-01-2024
663,Amani Chhabra,Jalna,13-07-2025
664,Kanav Thakur,Machilipatnam,18-04-2024
665,Indrajit Tella,Thanjavur,14-01-2025
666,Samar Saraf,Surat,06-04-2024
667,Badal Bobal,Rajahmundry,15-07-2025
668,Mahika Sarin,Kota,11-01-2024
669,Aarna Saini,Anantapuram,01-09-2025
670,Arhaan Dhillon,Jaipur,25-07-2025
671,Ivan Arya,Cuttack,18-02-2024
672,Nirvi Bera,Delhi,31-10-2023
673,Aaryahi Dutta,Bidar,18-02-2024
674,Aniruddh Bassi,Gopalpur,01-02-2025
675,Nirvaan Dasgupta,Kakinada,16-10-2023
676,Ira Sridhar,Sri Ganganagar,29-12-2024
677,Azad Banerjee,Ludhiana,28-02-2025
678,Keya Rajagopal,Panipat,06-09-2024
679,Renee Bajwa,Morena,20-08-2024
680,Reyansh Garg,Udupi,23-10-2023
681,Kavya Dash,Aurangabad,29-09-2023
682,Heer Hayre,Raebareli,06-09-2024
683,Jayan Lad,Rajkot,08-12-2024
684,Shray Chakrabarti,Kavali,26-11-2024
685,Advik Dara,Arrah,10-10-2023
686,Adira Kala,Hindupur,16-01-2025
687,Shayak Lanka,Karimnagar,20-05-2025
688,Yashvi Ravel,Madurai,19-07-2024
689,Jivin Solanki,Sambhal,21-04-2025
690,Alisha Bansal,Gorakhpur,23-04-2025
691,Suhana Mallick,Shahjahanpur,11-05-2024
692,Zaina Brar,Chinsurah,28-04-2025
693,Ayesha Rajan,Katni,18-06-2025
694,Baiju Wali,Kakinada,27-04-2024
695,Siya Babu,Nellore,17-12-2023
696,Krish Cherian,Coimbatore,01-10-2023
697,Baiju Krishna,Hindupur,03-06-2025
698,Jivin Yogi,Morena,14-07-2025
699,Jayesh Chaudhary,Thiruvananthapuram,06-06-2024
700,Vardaniya Sani,Kollam,31-12-2024
701,Ayesha Saxena,Siliguri,10-12-2024
702,Vanya Chokshi,Saharsa,30-11-2024
703,Devansh Loyal,Madanapalle,22-09-2024
704,Neelofar Hayre,Mehsana,04-01-2025
705,Riaan Sunder,Jaipur,06-02-2024
706,Ritvik Deo,Aligarh,19-05-2025
707,Kartik Ravel,Rajkot,08-05-2025
708,Myra Rana,South Dumdum,17-03-2024
709,Zain Chandran,Ozhukarai,09-07-2024
710,Kaira Salvi,Orai,20-11-2024
711,Ivana Lal,Berhampore,30-08-2025
712,Trisha Dutt,Surendranagar Dudhrej,24-01-2024
713,Amani Chhabra,Jalna,13-07-2025
714,Kanav Thakur,Machilipatnam,18-04-2024
715,Indrajit Tella,Thanjavur,14-01-2025
716,Samar Saraf,Surat,06-04-2024
717,Badal Bobal,Rajahmundry,15-07-2025
718,Mahika Sarin,Kota,11-01-2024
719,Aarna Saini,Anantapuram,01-09-2025
720,Arhaan Dhillon,Jaipur,25-07-2025
721,Ivan Arya,Cuttack,18-02-2024
722,Nirvi Bera,Maisur,31-10-2023
723,Aaryahi Dutta,Bidar,18-02-2024
724,Aniruddh Bassi,Gopalpur,01-02-2025
725,Nirvaan Dasgupta,Kakinada,16-10-2023
726,Ira Sridhar,Sri Ganganagar,29-12-2024
727,Azad Banerjee,Ludhiana,28-02-2025
728,Keya Rajagopal,Panipat,06-09-2024
729,Renee Bajwa,Morena,20-08-2024
730,Reyansh Garg,Udupi,23-10-2023
731,Kavya Dash,Aurangabad,29-09-2023
732,Heer Hayre,Raebareli,06-09-2024
733,Jayan Lad,Rajkot,08-12-2024
734,Shray Chakrabarti,Kavali,26-11-2024
735,Advik Dara,Arrah,10-10-2023
736,Adira Kala,Hindupur,16-01-2025
737,Shayak Lanka,Karimnagar,20-05-2025
738,Yashvi Ravel,Madurai,19-07-2024
739,Jivin Solanki,Sambhal,21-04-2025
740,Alisha Bansal,Gorakhpur,23-04-2025
741,Suhana Mallick,Shahjahanpur,11-05-2024
742,Zaina Brar,Chinsurah,28-04-2025
743,Ayesha Rajan,Katni,18-06-2025
744,Baiju Wali,Kakinada,27-04-2024
745,Siya Babu,Nellore,17-12-2023
746,Krish Cherian,Coimbatore,01-10-2023
747,Baiju Krishna,Hindupur,03-06-2025
748,Jivin Yogi,Morena,14-07-2025
749,Jayesh Chaudhary,Thiruvananthapuram,06-06-2024
750,Vardaniya Sani,Kollam,31-12-2024
751,Ayesha Saxena,Siliguri,10-12-2024
752,Vanya Chokshi,Saharsa,30-11-2024
753,Devansh Loyal,Madanapalle,22-09-2024
754,Neelofar Hayre,Mehsana,04-01-2025
755,Riaan Sunder,Jaipur,06-02-2024
756,Ritvik Deo,Aligarh,19-05-2025
757,Kartik Ravel,Rajkot,08-05-2025
758,Myra Rana,South Dumdum,17-03-2024
759,Zain Chandran,Ozhukarai,09-07-2024
760,Kaira Salvi,Orai,20-11-2024
761,Ivana Lal,Berhampore,30-08-2025
762,Trisha Dutt,Surendranagar Dudhrej,24-01-2024
763,Amani Chhabra,Jalna,13-07-2025
764,Kanav Thakur,Machilipatnam,18-04-2024
765,Indrajit Tella,Thanjavur,14-01-2025
766,Samar Saraf,Surat,06-04-2024
767,Badal Bobal,Rajahmundry,15-07-2025
768,Mahika Sarin,Kota,11-01-2024
769,Aarna Saini,Anantapuram,01-09-2025
770,Arhaan Dhillon,Jaipur,25-07-2025
771,Ivan Arya,Cuttack,18-02-2024
772,Nirvi Bera,Maniali,31-10-2023
773,Aaryahi Dutta,Bidar,18-02-2024
774,Aniruddh Bassi,Gopalpur,01-02-2025
775,Nirvaan Dasgupta,Kakinada,16-10-2023
776,Ira Sridhar,Sri Ganganagar,29-12-2024
777,Azad Banerjee,Ludhiana,28-02-2025
778,Keya Rajagopal,Panipat,06-09-2024
779,Renee Bajwa,Morena,20-08-2024
780,Reyansh Garg,Udupi,23-10-2023
781,Kavya Dash,Aurangabad,29-09-2023
782,Heer Hayre,Raebareli,06-09-2024
783,Jayan Lad,Rajkot,08-12-2024
784,Shray Chakrabarti,Kavali,26-11-2024
785,Advik Dara,Arrah,10-10-2023
786,Adira Kala,Hindupur,16-01-2025
787,Shayak Lanka,Karimnagar,20-05-2025
788,Yashvi Ravel,Madurai,19-07-2024
789,Jivin Solanki,Sambhal,21-04-2025
790,Alisha Bansal,Gorakhpur,23-04-2025
791,Suhana Mallick,Shahjahanpur,11-05-2024
792,Zaina Brar,Chinsurah,28-04-2025
793,Ayesha Rajan,Katni,18-06-2025
794,Baiju Wali,Kakinada,27-04-2024
795,Siya Babu,Nellore,17-12-2023
796,Krish Cherian,Coimbatore,01-10-2023
797,Baiju Krishna,Hindupur,03-06-2025
798,Jivin Yogi,Morena,14-07-2025
799,Jayesh Chaudhary,Thiruvananthapuram,06-06-2024
800,Vardaniya Sani,Kollam,31-12-2024
801,Ayesha Saxena,Siliguri,10-12-2024
802,Vanya Chokshi,Saharsa,30-11-2024
803,Devansh Loyal,Madanapalle,22-09-2024
804,Neelofar Hayre,Mehsana,04-01-2025
805,Riaan Sunder,Jaipur,06-02-2024
806,Ritvik Deo,Aligarh,19-05-2025
807,Kartik Ravel,Rajkot,08-05-2025
808,Myra Rana,South Dumdum,17-03-2024
809,Zain Chandran,Ozhukarai,09-07-2024
810,Kaira Salvi,Orai,20-11-2024
811,Ivana Lal,Berhampore,30-08-2025
812,Trisha Dutt,Surendranagar Dudhrej,24-01-2024
813,Amani Chhabra,Jalna,13-07-2025
814,Kanav Thakur,Machilipatnam,18-04-2024
815,Indrajit Tella,Thanjavur,14-01-2025
816,Samar Saraf,Surat,06-04-2024
817,Badal Bobal,Rajahmundry,15-07-2025
818,Mahika Sarin,Kota,11-01-2024
819,Aarna Saini,Anantapuram,01-09-2025
820,Arhaan Dhillon,Jaipur,25-07-2025
821,Ivan Arya,Cuttack,18-02-2024
822,Nirvi Bera,Bokaro,31-10-2023
823,Aaryahi Dutta,Bidar,18-02-2024
824,Aniruddh Bassi,Gopalpur,01-02-2025
825,Nirvaan Dasgupta,Kakinada,16-10-2023
826,Ira Sridhar,Sri Ganganagar,29-12-2024
827,Azad Banerjee,Ludhiana,28-02-2025
828,Keya Rajagopal,Panipat,06-09-2024
829,Renee Bajwa,Morena,20-08-2024
830,Reyansh Garg,Udupi,23-10-2023
831,Kavya Dash,Aurangabad,29-09-2023
832,Heer Hayre,Raebareli,06-09-2024
833,Jayan Lad,Rajkot,08-12-2024
834,Shray Chakrabarti,Kavali,26-11-2024
835,Advik Dara,Arrah,10-10-2023
836,Adira Kala,Hindupur,16-01-2025
837,Shayak Lanka,Karimnagar,20-05-2025
838,Yashvi Ravel,Madurai,19-07-2024
839,Jivin Solanki,Sambhal,21-04-2025
840,Alisha Bansal,Gorakhpur,23-04-2025
841,Suhana Mallick,Shahjahanpur,11-05-2024
842,Zaina Brar,Chinsurah,28-04-2025
843,Ayesha Rajan,Katni,18-06-2025
844,Baiju Wali,Kakinada,27-04-2024
845,Siya Babu,Nellore,17-12-2023
846,Krish Cherian,Coimbatore,01-10-2023
847,Baiju Krishna,Hindupur,03-06-2025
848,Jivin Yogi,Morena,14-07-2025
849,Jayesh Chaudhary,Thiruvananthapuram,06-06-2024
850,Vardaniya Sani,Kollam,31-12-2024
851,Ayesha Saxena,Siliguri,10-12-2024
852,Vanya Chokshi,Saharsa,30-11-2024
853,Devansh Loyal,Madanapalle,22-09-2024
854,Neelofar Hayre,Mehsana,04-01-2025
855,Riaan Sunder,Jaipur,06-02-2024
856,Ritvik Deo,Aligarh,19-05-2025
857,Kartik Ravel,Rajkot,08-05-2025
858,Myra Rana,South Dumdum,17-03-2024
859,Zain Chandran,Ozhukarai,09-07-2024
860,Kaira Salvi,Orai,20-11-2024
861,Ivana Lal,Berhampore,30-08-2025
862,Trisha Dutt,Surendranagar Dudhrej,24-01-2024
863,Amani Chhabra,Jalna,13-07-2025
864,Kanav Thakur,Machilipatnam,18-04-2024
865,Indrajit Tella,Thanjavur,14-01-2025
866,Samar Saraf,Surat,06-04-2024
867,Badal Bobal,Rajahmundry,15-07-2025
868,Mahika Sarin,Kota,11-01-2024
869,Aarna Saini,Anantapuram,01-09-2025
870,Arhaan Dhillon,Jaipur,25-07-2025
871,Ivan Arya,Cuttack,18-02-2024
872,Nirvi Bera,Bagaha,31-10-2023
873,Aaryahi Dutta,Bidar,18-02-2024
874,Aniruddh Bassi,Gopalpur,01-02-2025
875,Nirvaan Dasgupta,Kakinada,16-10-2023
876,Ira Sridhar,Sri Ganganagar,29-12-2024
877,Azad Banerjee,Ludhiana,28-02-2025
878,Keya Rajagopal,Panipat,06-09-2024
879,Renee Bajwa,Morena,20-08-2024
880,Reyansh Garg,Udupi,23-10-2023
881,Kavya Dash,Aurangabad,29-09-2023
882,Heer Hayre,Raebareli,06-09-2024
883,Jayan Lad,Rajkot,08-12-2024
884,Shray Chakrabarti,Kavali,26-11-2024
885,Advik Dara,Arrah,10-10-2023
886,Adira Kala,Hindupur,16-01-2025
887,Shayak Lanka,Karimnagar,20-05-2025
888,Yashvi Ravel,Madurai,19-07-2024
889,Jivin Solanki,Sambhal,21-04-2025
890,Alisha Bansal,Gorakhpur,23-04-2025
891,Suhana Mallick,Shahjahanpur,11-05-2024
892,Zaina Brar,Chinsurah,28-04-2025
893,Ayesha Rajan,Katni,18-06-2025
894,Baiju Wali,Kakinada,27-04-2024
895,Siya Babu,Nellore,17-12-2023
896,Krish Cherian,Coimbatore,01-10-2023
897,Baiju Krishna,Hindupur,03-06-2025
898,Jivin Yogi,Morena,14-07-2025
899,Jayesh Chaudhary,Thiruvananthapuram,06-06-2024
900,Vardaniya Sani,Kollam,31-12-2024
901,Ayesha Saxena,Siliguri,10-12-2024
902,Vanya Chokshi,Saharsa,30-11-2024
903,Devansh Loyal,Madanapalle,22-09-2024
904,Neelofar Hayre,Mehsana,04-01-2025
905,Riaan Sunder,Jaipur,06-02-2024
906,Ritvik Deo,Aligarh,19-05-2025
907,Kartik Ravel,Rajkot,08-05-2025
908,Myra Rana,South Dumdum,17-03-2024
909,Zain Chandran,Ozhukarai,09-07-2024
910,Kaira Salvi,Orai,20-11-2024
911,Ivana Lal,Berhampore,30-08-2025
912,Trisha Dutt,Surendranagar Dudhrej,24-01-2024
913,Amani Chhabra,Jalna,13-07-2025
914,Kanav Thakur,Machilipatnam,18-04-2024
915,Indrajit Tella,Thanjavur,14-01-2025
916,Samar Saraf,Surat,06-04-2024
917,Badal Bobal,Rajahmundry,15-07-2025
918,Mahika Sarin,Kota,11-01-2024
919,Aarna Saini,Anantapuram,01-09-2025
920,Arhaan Dhillon,Jaipur,25-07-2025
921,Ivan Arya,Cuttack,18-02-2024
922,Nirvi Bera,Lauriya,31-10-2023
923,Aaryahi Dutta,Bidar,18-02-2024
924,Aniruddh Bassi,Gopalpur,01-02-2025
925,Nirvaan Dasgupta,Kakinada,16-10-2023
926,Ira Sridhar,Sri Ganganagar,29-12-2024
927,Azad Banerjee,Ludhiana,28-02-2025
928,Keya Rajagopal,Panipat,06-09-2024
929,Renee Bajwa,Morena,20-08-2024
930,Reyansh Garg,Udupi,23-10-2023
931,Kavya Dash,Aurangabad,29-09-2023
932,Heer Hayre,Raebareli,06-09-2024
933,Jayan Lad,Rajkot,08-12-2024
934,Shray Chakrabarti,Kavali,26-11-2024
935,Advik Dara,Arrah,10-10-2023
936,Adira Kala,Hindupur,16-01-2025
937,Shayak Lanka,Karimnagar,20-05-2025
938,Yashvi Ravel,Madurai,19-07-2024
939,Jivin Solanki,Sambhal,21-04-2025
940,Alisha Bansal,Gorakhpur,23-04-2025
941,Suhana Mallick,Shahjahanpur,11-05-2024
942,Zaina Brar,Chinsurah,28-04-2025
943,Ayesha Rajan,Katni,18-06-2025
944,Baiju Wali,Kakinada,27-04-2024
945,Siya Babu,Nellore,17-12-2023
946,Krish Cherian,Coimbatore,01-10-2023
947,Baiju Krishna,Hindupur,03-06-2025
948,Jivin Yogi,Morena,14-07-2025
949,Jayesh Chaudhary,Thiruvananthapuram,06-06-2024
950,Vardaniya Sani,Kollam,31-12-2024
951,Ayesha Saxena,Siliguri,10-12-2024
952,Vanya Chokshi,Saharsa,30-11-2024
953,Devansh Loyal,Madanapalle,22-09-2024
954,Neelofar Hayre,Mehsana,04-01-2025
955,Riaan Sunder,Jaipur,06-02-2024
956,Ritvik Deo,Aligarh,19-05-2025
957,Kartik Ravel,Rajkot,08-05-2025
958,Myra Rana,South Dumdum,17-03-2024
959,Zain Chandran,Ozhukarai,09-07-2024
960,Kaira Salvi,Orai,20-11-2024
961,Ivana Lal,Berhampore,30-08-2025
962,Trisha Dutt,Surendranagar Dudhrej,24-01-2024
963,Amani Chhabra,Jalna,13-07-2025
964,Kanav Thakur,Machilipatnam,18-04-2024
965,Indrajit Tella,Thanjavur,14-01-2025
966,Samar Saraf,Surat,06-04-2024
967,Badal Bobal,Rajahmundry,15-07-2025
968,Mahika Sarin,Kota,11-01-2024
969,Aarna Saini,Anantapuram,01-09-2025
970,Arhaan Dhillon,Jaipur,25-07-2025
971,Ivan Arya,Cuttack,18-02-2024
972,Nirvi Bera,Bettiah,31-10-2023
973,Aaryahi Dutta,Bidar,18-02-2024
974,Aniruddh Bassi,Gopalpur,01-02-2025
975,Nirvaan Dasgupta,Kakinada,16-10-2023
976,Ira Sridhar,Sri Ganganagar,29-12-2024
977,Azad Banerjee,Ludhiana,28-02-2025
978,Keya Rajagopal,Panipat,06-09-2024
979,Renee Bajwa,Morena,20-08-2024
980,Reyansh Garg,Udupi,23-10-2023
981,Kavya Dash,Aurangabad,29-09-2023
982,Heer Hayre,Raebareli,06-09-2024
983,Jayan Lad,Rajkot,08-12-2024
984,Shray Chakrabarti,Kavali,26-11-2024
985,Advik Dara,Arrah,10-10-2023
986,Adira Kala,Hindupur,16-01-2025
987,Shayak Lanka,Karimnagar,20-05-2025
988,Yashvi Ravel,Madurai,19-07-2024
989,Jivin Solanki,Sambhal,21-04-2025
990,Alisha Bansal,Gorakhpur,23-04-2025
991,Suhana Mallick,Shahjahanpur,11-05-2024
992,Zaina Brar,Chinsurah,28-04-2025
993,Ayesha Rajan,Katni,18-06-2025
994,Baiju Wali,Kakinada,27-04-2024
995,Siya Babu,Nellore,17-12-2023
996,Krish Cherian,Coimbatore,01-10-2023
997,Baiju Krishna,Hindupur,03-06-2025
998,Jivin Yogi,Morena,14-07-2025
999,Jayesh Chaudhary,Thiruvananthapuram,06-06-2024
1000,Vardaniya Sani,Kollam,31-12-2024
1001,Ayesha Saxena,Siliguri,10-12-2024
1002,Vanya Chokshi,Saharsa,30-11-2024
1003,Devansh Loyal,Madanapalle,22-09-2024
1004,Neelofar Hayre,Mehsana,04-01-2025
1005,Riaan Sunder,Jaipur,06-02-2024
1006,Ritvik Deo,Aligarh,19-05-2025
1007,Kartik Ravel,Rajkot,08-05-2025
1008,Myra Rana,South Dumdum,17-03-2024
1009,Zain Chandran,Ozhukarai,09-07-2024
1010,Kaira Salvi,Orai,20-11-2024
1011,Ivana Lal,Berhampore,30-08-2025
1012,Trisha Dutt,Surendranagar Dudhrej,24-01-2024
1013,Amani Chhabra,Jalna,13-07-2025
1014,Kanav Thakur,Machilipatnam,18-04-2024
1015,Indrajit Tella,Thanjavur,14-01-2025
1016,Samar Saraf,Surat,06-04-2024
1017,Badal Bobal,Rajahmundry,15-07-2025
1018,Mahika Sarin,Kota,11-01-2024
1019,Aarna Saini,Anantapuram,01-09-2025
1020,Arhaan Dhillon,Jaipur,25-07-2025
1021,Ivan Arya,Cuttack,18-02-2024
1022,Nirvi Bera,Motihari,31-10-2023
1023,Aaryahi Dutta,Bidar,18-02-2024
1024,Aniruddh Bassi,Gopalpur,01-02-2025
1025,Nirvaan Dasgupta,Kakinada,16-10-2023
1026,Ira Sridhar,Sri Ganganagar,29-12-2024
1027,Azad Banerjee,Ludhiana,28-02-2025
1028,Keya Rajagopal,Panipat,06-09-2024
1029,Renee Bajwa,Morena,20-08-2024
1030,Reyansh Garg,Udupi,23-10-2023
1031,Kavya Dash,Aurangabad,29-09-2023
1032,Heer Hayre,Raebareli,06-09-2024
1033,Jayan Lad,Rajkot,08-12-2024
1034,Shray Chakrabarti,Kavali,26-11-2024
1035,Advik Dara,Arrah,10-10-2023
1036,Adira Kala,Hindupur,16-01-2025
1037,Shayak Lanka,Karimnagar,20-05-2025
1038,Yashvi Ravel,Madurai,19-07-2024
1039,Jivin Solanki,Sambhal,21-04-2025
1040,Alisha Bansal,Gorakhpur,23-04-2025
1041,Suhana Mallick,Shahjahanpur,11-05-2024
1042,Zaina Brar,Chinsurah,28-04-2025
1043,Ayesha Rajan,Katni,18-06-2025
1044,Baiju Wali,Kakinada,27-04-2024
1045,Siya Babu,Nellore,17-12-2023
1046,Krish Cherian,Coimbatore,01-10-2023
1047,Baiju Krishna,Hindupur,03-06-2025
1048,Jivin Yogi,Morena,14-07-2025
1049,Jayesh Chaudhary,Thiruvananthapuram,06-06-2024
1050,Vardaniya Sani,Kollam,31-12-2024
1051,Ayesha Saxena,Siliguri,10-12-2024
1052,Vanya Chokshi,Saharsa,30-11-2024
1053,Devansh Loyal,Madanapalle,22-09-2024
1054,Neelofar Hayre,Mehsana,04-01-2025
1055,Riaan Sunder,Jaipur,06-02-2024
1056,Ritvik Deo,Aligarh,19-05-2025
1057,Kartik Ravel,Rajkot,08-05-2025
1058,Myra Rana,South Dumdum,17-03-2024
1059,Zain Chandran,Ozhukarai,09-07-2024
1060,Kaira Salvi,Orai,20-11-2024
1061,Ivana Lal,Berhampore,30-08-2025
1062,Trisha Dutt,Surendranagar Dudhrej,24-01-2024
1063,Amani Chhabra,Jalna,13-07-2025
1064,Kanav Thakur,Machilipatnam,18-04-2024
1065,Indrajit Tella,Thanjavur,14-01-2025
1066,Samar Saraf,Surat,06-04-2024
1067,Badal Bobal,Rajahmundry,15-07-2025
1068,Mahika Sarin,Kota,11-01-2024
1069,Aarna Saini,Anantapuram,01-09-2025
1070,Arhaan Dhillon,Jaipur,25-07-2025
1071,Ivan Arya,Cuttack,18-02-2024
1072,Nirvi Bera,Pune,31-10-2023
1073,Aaryahi Dutta,Bidar,18-02-2024
1074,Aniruddh Bassi,Gopalpur,01-02-2025
1075,Nirvaan Dasgupta,Kakinada,16-10-2023
1076,Ira Sridhar,Sri Ganganagar,29-12-2024
